id,name,description,width,height,created_at
13,t7,t7,1000,800,2025-08-13T11:06:51.304083
14,8,8,1000,800,2025-08-13T11:13:28.579397
15,9,9,1000,800,2025-08-13T11:20:27.609285
16,10,10,1000,800,2025-08-13T11:24:32.756391
18,2,2,1000,800,2025-08-13T12:21:07.595473
19,3,3,1000,800,2025-08-13T12:33:22.426757
20,4,4,1000,800,2025-08-13T12:39:47.132210
21,a1,a1,1000,800,2025-08-13T12:50:18.191059
22,b1,b1,1000,800,2025-08-13T13:07:25.987815
23,c1,,1000,800,2025-08-13T13:20:40.809450
24,d1,,1000,800,2025-08-13T13:27:37.584323
25,e1,,1000,800,2025-08-13T13:32:13.873527
26,f1,,1000,800,2025-08-13T13:34:23.925176
27,g1,,1000,800,2025-08-13T13:35:33.850751
28,111,,1000,800,2025-08-13T13:37:39.435517
29,aa1,,1000,800,2025-08-13T14:45:35.472514
30,mm,,1000,800,2025-08-13T14:51:03.269513
31,aaa,,1000,800,2025-08-13T15:06:32.032761
32,nn,,1000,800,2025-08-13T15:15:00.736747
33,xx,,1000,800,2025-08-13T15:17:58.595513
34,ll,,1000,800,2025-08-13T15:30:33.475095
35,kk,,1000,800,2025-08-13T15:35:02.463554
36,44,,1000,800,2025-08-13T15:36:58.463789
37,55,,1000,800,2025-08-13T15:37:30.241622
38,mm,,1000,800,2025-08-13T15:52:10.749770
39,ee,,1000,800,2025-08-13T15:55:51.951586
40,ddd,,1000,800,2025-08-13T16:03:15.352845
41,aaaaa,,1000,800,2025-08-13T16:05:54.117720
42,vv,,1000,800,2025-08-13T16:14:38.005216
43,llll,,1000,800,2025-08-13T16:16:00.126378
44,s,,1000,800,2025-08-13T16:27:55.253374
45,h,,1000,800,2025-08-13T16:33:54.824926
46,z,,1000,800,2025-08-13T16:43:38.006207
47,zz,,1000,800,2025-08-13T16:44:00.895642
48,j,,1000,800,2025-08-13T16:47:30.213412
49,h,,1000,800,2025-08-13T16:57:18.500405
50,o,,1000,800,2025-08-13T17:14:05.635299
51,33,,1000,800,2025-08-13T17:15:57.758303
52,44,,1000,800,2025-08-13T17:16:40.569171
53,55,,1000,800,2025-08-13T17:19:41.230067
54,8,,1000,800,2025-08-13T17:30:05.237134
55,99,,1000,800,2025-08-13T17:33:31.556715
56,dd,,1000,800,2025-08-13T17:35:00.858655
57,ff,,1000,800,2025-08-13T17:36:14.771596
58,hh,,1000,800,2025-08-13T17:37:25.817865
59,kkk,,1000,800,2025-08-13T17:43:35.616524
60,cd,,1000,800,2025-08-13T17:44:06.735336
61,gh,,1000,800,2025-08-13T18:52:58.959861
62,a1a1,,500,500,2025-08-14T12:21:58.393453
63,1mm,,1000,800,2025-08-14T12:42:53.699580
64,1121,,1000,800,2025-08-14T14:31:29.675967
65,mmm,,1000,800,2025-08-14T14:44:58.609041
66,vv,,1000,800,2025-08-14T14:55:27.374906
67,ss,,1000,800,2025-08-14T15:25:47.774705
68,1221212,,1000,800,2025-08-14T17:50:31.944040
69,vc,,1000,800,2025-08-14T18:16:48.884755
70,234,,1000,800,2025-08-14T18:22:36.374490
71,34,,1000,800,2025-08-14T18:27:29.703080
72,adf,,1000,800,2025-08-14T18:28:23.334144
73,56,,1000,800,2025-08-14T18:33:41.317062
74,1111,,1000,800,2025-08-16T11:25:47.370307
75,scn,,1000,800,2025-08-16T11:31:34.337883
76,vgv,,1000,800,2025-08-16T11:50:26.176925
77,ssd,,1000,800,2025-08-16T12:10:27.351985
78,uj,,1000,800,2025-08-16T12:18:09.703070
79,hj,,1000,800,2025-08-16T12:59:37.341636
80,jjbj,,1000,800,2025-08-16T13:00:54.787970
81,hh,,1000,800,2025-08-16T13:10:59.511537
82,jj,,1000,800,2025-08-16T14:39:29.971600
83,k,,1000,800,2025-08-16T14:46:01.406045
84,jkjk,,1000,800,2025-08-16T15:42:23.830279
85,121az,,1000,800,2025-08-16T17:02:20.286483
86,adasc,,1000,800,2025-08-16T17:03:00.812080
87,232,,1000,800,2025-08-16T17:13:13.370846
88,323,,1500,1500,2025-08-16T17:18:29.315674
89,11111,,1000,800,2025-08-16T17:23:32.098059
90,121212,,1000,800,2025-08-16T17:35:16.668229
91,123a,,1000,800,2025-08-16T18:14:23.723003
92,sdsd,,1000,800,2025-08-16T18:20:35.685908
93,asa,,1000,800,2025-08-16T18:29:33.437644
94,bn,,1000,800,2025-08-16T18:32:59.159058
95,kmk,,1000,800,2025-08-16T18:42:43.500639
96,vd,,1000,800,2025-08-16T18:49:26.325167
97,2323,,1000,800,2025-08-16T19:01:59.889397
98,fg,,1000,800,2025-08-16T19:05:58.163602
99,23234,,1000,800,2025-08-16T19:12:54.285348
100,cv,,1000,800,2025-08-16T20:02:57.568094
101,1212s,,1000,800,2025-08-16T20:06:58.156903
102,df,,1000,800,2025-08-16T20:12:44.022014
103,hh,,1000,800,2025-08-16T21:06:51.856078
104,dsd,,1000,800,2025-08-17T00:27:45.469108
105,ghg,,1000,800,2025-08-18T10:35:46.912153
106,hbdvj,,1000,800,2025-08-18T12:15:53.104577
107,scz,,1000,800,2025-08-18T12:58:43.472044
108,nn,,1000,800,2025-08-18T14:52:43.796149
109,ahj,,1000,800,2025-08-18T14:59:25.262156
110,nbccz,,1000,800,2025-08-18T15:00:20.732984
